<?xml version='1.0' encoding='utf-8' standalone='yes' ?>
<map>
    <string name="prev_event_name">subscription_screen_viewed</string>
    <long name="prev_event_timestamp" value="1747385808022" />
    <int name="appsFlyerInAppEventCount" value="6" />
    <long name="prev_session_dur" value="16" />
    <boolean name="ddl_sent" value="true" />
    <int name="versionCode" value="50005" />
    <string name="savedProperties">{&quot;uid&quot;:&quot;1747385711128-2794193813542461084&quot;,&quot;waitForCustomerId&quot;:&quot;false&quot;,&quot;logLevel&quot;:&quot;0&quot;,&quot;AppUserId&quot;:&quot;130852371&quot;}</string>
    <string name="AF_INSTALLATION">1747385711128-2794193813542461084</string>
    <int name="appsFlyerCount" value="3" />
    <long name="AppsFlyerTimePassedSincePrevLaunch" value="1747385808062" />
    <boolean name="newGPReferrerSent" value="true" />
    <string name="first_launch">{&quot;net&quot;:331,&quot;from_fg&quot;:1612,&quot;start_with&quot;:&quot;application&quot;,&quot;init_to_fg&quot;:81}</string>
    <string name="appsFlyerFirstInstall"></string>
</map>
