<?xml version='1.0' encoding='utf-8' standalone='yes' ?>
<map>
    <long name="com.appcloner.x.classes.cloneTimestamp" value="1747386860016" />
    <long name="com.facebook.appevents.SessionInfo.sessionStartTime" value="1747640663324" />
    <long name="com.facebook.appevents.SessionInfo.sessionEndTime" value="1747640665761" />
    <boolean name="bg_startup_tracing" value="false" />
    <int name="com.facebook.appevents.SessionInfo.interruptionCount" value="0" />
    <int name="com.appcloner.x.classes.originalInstallVersionCode" value="50005" />
    <string name="com.facebook.appevents.SessionInfo.sessionId">26cc3ec1-a53a-4073-8a82-1a8539df035a</string>
</map>
