<?xml version='1.0' encoding='utf-8' standalone='yes' ?>
<map>
    <long name="fire-count" value="2" />
    <string name="last-used-date">2025-05-19</string>
    <long name="fire-global" value="1747640665577" />
    <set name="kotlin/2.0.21 fire-perf/20.4.0 fire-analytics/21.3.0 device-brand/Redmi android-min-sdk/23 fire-core-ktx/unspecified fire-fcm/23.2.0 fire-sessions/1.0.0 fire-abt/21.1.1 fire-core/20.3.3 android-installer/com.android.vending fire-android/31 fire-installations/17.1.3 fire-rc/21.4.1 android-platform/ fire-auth/22.1.0 fire-dl/21.1.0 android-target-sdk/27 fire-transport/18.1.8 device-name/sweetin device-model/sweetin fire-cls/18.4.0">
        <string>2025-05-16</string>
    </set>
</map>
